{"cameraMode":{"drawMode":0,"name":"Shaded","section":"Shading Mode"},"sceneLighting":true,"audioPlay":false,"sceneViewState":{"showFog":true,"showMaterialUpdate":false,"showSkybox":true,"showFlares":true,"showImageEffects":true,"showParticleSystems":true},"in2DMode":false,"pivot":{"x":-0.49116945266723635,"y":1.7338905334472657,"z":-0.45032787322998049},"rotation":{"x":-0.052380580455064777,"y":0.9146774411201477,"z":-0.1259232759475708,"w":-0.3804801106452942},"size":10.0,"orthographic":false}